,id,name,age,lat,lon,comment,stars_num,stars
0,9aa25c4679d977d21b75cc06e125456b,Gabriel Hopkins,41,48.83097,2.283543,I had several dogs in my life and they all enriched my life. Now I don't own a dog but would love to help people foster dogs when having a difficult time. You can let your dogs stay in my place while you are working and I will look after very well.,3.0,★★☆☆☆
1,64aca8477fd5adc5182bdeb78711273c,Gerald Winebrenner,67,48.839995,2.365797,I had several dogs in my life and they all enriched my life. Now I don't own a dog but would love to help people foster dogs when having a difficult time. You can let your dogs stay in my place while you are working and I will look after very well.,3.7,★★★★☆
2,85785b2a2f47502ffe5ff48e7467a9f1,Edward Overstreet,24,48.834481,2.37428,"Me and my hudsband love dogs! We take care of your dog with love, and we even made our home in a dog-friendly style!",4.8,★★★★★
3,5b15f8411a7715a87ad40b5d0f093492,Jessica Stewart,23,48.88817,2.286062,I had several dogs in my life and they all enriched my life. Now I don't own a dog but would love to help people foster dogs when having a difficult time. You can let your dogs stay in my place while you are working and I will look after very well.,4.7,★★★★★
4,3f1e546889f1eb2b6d5ab94db79d0df7,Frank Martin,55,48.886395,2.354504,I had several dogs in my life and they all enriched my life. Now I don't own a dog but would love to help people foster dogs when having a difficult time. You can let your dogs stay in my place while you are working and I will look after very well.,3.8,★☆☆☆☆
5,7fa0f14b99fc15baaf8836b2ac7c773f,Robbie Borek,55,48.887033,2.345691,I had several dogs in my life and they all enriched my life. Now I don't own a dog but would love to help people foster dogs when having a difficult time. You can let your dogs stay in my place while you are working and I will look after very well.,3.4,★★★★☆
6,e433af38e1868c23999526d23184a7ba,Sharon Stohr,21,48.85781,2.286762,"All the pet owners who have asked me for pet-sitting were happy about how I took care of their dogs. I am delightful to spend time with dogs. Upon request, I also train your dog.",3.1,★★☆☆☆
7,87fe31b4794622a282f9b8f52a6f59bb,Emily Brown,67,48.879783,2.34542,I am a professional dog trainer and from time to time I also do dog-sitting. I am very responsible person and will respond quickly to your messages.,4.8,★★★★★
8,008b1d8c6b4c637c125a3bf0b5fb4119,Samuel Straub,55,48.872541,2.396117,Me and my daughter had a blacklabrador until two years ago. We are very familiar with how dogs behave and we would like to help people having dogs.,4.8,★☆☆☆☆
9,c946cf285435d1fb62222c5a64e7c44a,Randall Novak,30,48.837568,2.296542,I have one golden retriever(7 years old) that is very peaceful. With him your dog can stay at our place without a stress. I work at home in a living room where your dog can spend time with me. I take great care of your dog.,4.5,★★★★☆
10,04abc6c56452fa1a3e4ca888bad1bbad,Josephine Hunt,68,48.855827,2.251026,"All the pet owners who have asked me for pet-sitting were happy about how I took care of their dogs. I am delightful to spend time with dogs. Upon request, I also train your dog.",4.2,★★★★☆
11,cc7b290f20a0616cc9acf04cf171152a,Mary Whitsett,70,48.886311,2.356965,I had several dogs in my life and they all enriched my life. Now I don't own a dog but would love to help people foster dogs when having a difficult time. You can let your dogs stay in my place while you are working and I will look after very well.,3.6,★☆☆☆☆
12,5645b8137819b308e62774406efdb307,Margaret Littlefield,60,48.873084,2.261319,"Me and my hudsband love dogs! We take care of your dog with love, and we even made our home in a dog-friendly style!",4.4,★★★★☆
13,6266df08dea9296f4b1edbf748557822,Gary Silva,33,48.821671,2.309486,"Me and my hudsband love dogs! We take care of your dog with love, and we even made our home in a dog-friendly style!",4.1,★★★★☆
14,fc212c5bfa8fdf1da8270ed6a1a9ef90,Larry Mobley,36,48.871179,2.401829,I have one golden retriever(7 years old) that is very peaceful. With him your dog can stay at our place without a stress. I work at home in a living room where your dog can spend time with me. I take great care of your dog.,3.6,★★★☆☆
15,68a2d676e13e3539b0d6b5c5b9479476,Monica Joseph,60,48.891969,2.300721,I have one golden retriever(7 years old) that is very peaceful. With him your dog can stay at our place without a stress. I work at home in a living room where your dog can spend time with me. I take great care of your dog.,4.0,★★★★★
16,dd543435f8098c47b6ac5b7fdee9d564,Homer Rush,22,48.833996,2.394594,I had several dogs in my life and they all enriched my life. Now I don't own a dog but would love to help people foster dogs when having a difficult time. You can let your dogs stay in my place while you are working and I will look after very well.,4.0,★★★★☆
17,60ae865f0ce17ce1336dc131e8212b7c,Jerry Vancleave,31,48.87607,2.279687,I have one golden retriever(7 years old) that is very peaceful. With him your dog can stay at our place without a stress. I work at home in a living room where your dog can spend time with me. I take great care of your dog.,4.4,★★★★★
18,16e2cf572565f8dd8cb2a84f25c45fb4,Michael Durham,41,48.893954,2.250717,I am a professional dog trainer and from time to time I also do dog-sitting. I am very responsible person and will respond quickly to your messages.,4.1,★★★★★
19,2e5c7b27f4f80ce26cc2d314bbdd7966,Gerald Begay,22,48.898516,2.333001,I had several dogs in my life and they all enriched my life. Now I don't own a dog but would love to help people foster dogs when having a difficult time. You can let your dogs stay in my place while you are working and I will look after very well.,4.7,★★☆☆☆
20,efec60a39e819e9f17aeda9f20237be4,Dorothy Jordan,49,48.823814,2.305091,I am a professional dog trainer and from time to time I also do dog-sitting. I am very responsible person and will respond quickly to your messages.,3.1,★★★☆☆
21,98e684eaae8f48d58a6709c2e79bb760,Leslie Wilson,45,48.889154,2.295825,"Me and my hudsband love dogs! We take care of your dog with love, and we even made our home in a dog-friendly style!",3.9,★★★★★
22,8117a60ff7bbf1616b7742b09a2df2f6,Michael Sweed,33,48.828546,2.407198,"All the pet owners who have asked me for pet-sitting were happy about how I took care of their dogs. I am delightful to spend time with dogs. Upon request, I also train your dog.",4.3,★★★☆☆
23,9fffd9cd798afb5c69551d96f546cf10,Ella Boyd,68,48.87036,2.386897,"All the pet owners who have asked me for pet-sitting were happy about how I took care of their dogs. I am delightful to spend time with dogs. Upon request, I also train your dog.",4.4,★★☆☆☆
24,484a86600fac92e1c98483ec6f524c87,Emily Brooks,68,48.877124,2.337767,I am a professional dog trainer and from time to time I also do dog-sitting. I am very responsible person and will respond quickly to your messages.,3.2,★★★★★
25,fe5030aa2d7ee2bf3fbfc88e1fe5e6df,Gabriela Heppler,70,48.848073,2.407132,"Me and my hudsband love dogs! We take care of your dog with love, and we even made our home in a dog-friendly style!",4.0,★★☆☆☆
26,3a456225c4376de28da4792ec1129ae5,Debbie Carpenter,24,48.855615,2.305466,I have one golden retriever(7 years old) that is very peaceful. With him your dog can stay at our place without a stress. I work at home in a living room where your dog can spend time with me. I take great care of your dog.,3.8,★★★★★
27,a7db8156720fc0d32aad1662c2ef0a6f,Edward Brown,36,48.852301,2.369601,"Me and my hudsband love dogs! We take care of your dog with love, and we even made our home in a dog-friendly style!",3.7,★★☆☆☆
28,f0700f1361751367c168b8eff627a982,Richard Larson,51,48.827457,2.315118,I am a professional dog trainer and from time to time I also do dog-sitting. I am very responsible person and will respond quickly to your messages.,3.1,★★☆☆☆
29,8f870bb38c5325376c1d4ec7a0596e1f,Melissa Lara,44,48.88841,2.280449,I have one golden retriever(7 years old) that is very peaceful. With him your dog can stay at our place without a stress. I work at home in a living room where your dog can spend time with me. I take great care of your dog.,3.7,★★★☆☆
30,29e89d482cd62979961bdb7636d19f4e,Ruth Thrower,58,48.893524,2.287628,I am a professional dog trainer and from time to time I also do dog-sitting. I am very responsible person and will respond quickly to your messages.,3.8,★★★★☆
31,11e9b127eea8d4ced008fc7587e0b7e5,Leticia Sweney,58,48.818515,2.383516,I am a professional dog trainer and from time to time I also do dog-sitting. I am very responsible person and will respond quickly to your messages.,4.3,★★☆☆☆
32,e6998c78f480ecdd09d97addc0fb6f8f,Debra Dyer,50,48.818657,2.38484,I had several dogs in my life and they all enriched my life. Now I don't own a dog but would love to help people foster dogs when having a difficult time. You can let your dogs stay in my place while you are working and I will look after very well.,4.9,★☆☆☆☆
33,6ff46029fe0957565dc709da8d8c9b56,Robert Cook,53,48.816173,2.341266,Me and my daughter had a blacklabrador until two years ago. We are very familiar with how dogs behave and we would like to help people having dogs.,3.7,★★★☆☆
34,c15d256eee488a12220dd7803fa2dfc5,Jenifer Lee,28,48.884776,2.308191,I had several dogs in my life and they all enriched my life. Now I don't own a dog but would love to help people foster dogs when having a difficult time. You can let your dogs stay in my place while you are working and I will look after very well.,3.0,★☆☆☆☆
35,d09f27419177973711fd59e09b50d623,Raymundo Flores,49,48.896608,2.29312,Me and my daughter had a blacklabrador until two years ago. We are very familiar with how dogs behave and we would like to help people having dogs.,3.5,★★★★☆
36,6cf85d2293b620fac871d8c840d764d2,Mercedes Najera,39,48.82464,2.371198,"Me and my hudsband love dogs! We take care of your dog with love, and we even made our home in a dog-friendly style!",3.9,★★★★☆
37,81b021dde924a67d19bef39774ecf21f,Robert Everhardt,24,48.89681,2.315766,I am a professional dog trainer and from time to time I also do dog-sitting. I am very responsible person and will respond quickly to your messages.,4.1,★☆☆☆☆
38,28ae1f36e626052481dbdd5c32ac6229,Grace Shook,42,48.889248,2.321116,I am a professional dog trainer and from time to time I also do dog-sitting. I am very responsible person and will respond quickly to your messages.,4.4,★★★★★
39,a75598d203c560f20989866b5166aebe,Hans Daniel,60,48.868792,2.336952,Me and my daughter had a blacklabrador until two years ago. We are very familiar with how dogs behave and we would like to help people having dogs.,3.1,★☆☆☆☆
40,f94a115eb0e08e1c3443b7cf8c1d8e1c,Joan Beattie,26,48.854174,2.39321,Me and my daughter had a blacklabrador until two years ago. We are very familiar with how dogs behave and we would like to help people having dogs.,4.4,★☆☆☆☆
41,c49143ee77a11cd203cdf4e1603eec19,Russell Stanton,34,48.838612,2.355374,I have one golden retriever(7 years old) that is very peaceful. With him your dog can stay at our place without a stress. I work at home in a living room where your dog can spend time with me. I take great care of your dog.,3.8,★★☆☆☆
42,b7f4676f09daf664da24e623396225b3,Wilma Sanders,67,48.898888,2.252859,Me and my daughter had a blacklabrador until two years ago. We are very familiar with how dogs behave and we would like to help people having dogs.,3.9,★★☆☆☆
43,5ae336b0d940e502bd50b58679e6f008,Florence Lopez,69,48.860948,2.319235,I had several dogs in my life and they all enriched my life. Now I don't own a dog but would love to help people foster dogs when having a difficult time. You can let your dogs stay in my place while you are working and I will look after very well.,4.0,★★★★☆
44,6519f1c63120fe63bacc996a134f6924,Salvatore Holston,31,48.825561,2.272263,I have one golden retriever(7 years old) that is very peaceful. With him your dog can stay at our place without a stress. I work at home in a living room where your dog can spend time with me. I take great care of your dog.,4.2,★☆☆☆☆
45,75f973a43c43d2ceb363676a91949a75,Vanessa Sevy,37,48.899855,2.309367,"Me and my hudsband love dogs! We take care of your dog with love, and we even made our home in a dog-friendly style!",4.6,★★☆☆☆
46,bb7cee50c2bf119336f392cf73935ffa,Jane Camire,50,48.823394,2.294262,I had several dogs in my life and they all enriched my life. Now I don't own a dog but would love to help people foster dogs when having a difficult time. You can let your dogs stay in my place while you are working and I will look after very well.,3.2,★★★★★
47,129b190b0fd182784d60725f4eaee0b0,Charles Szocki,54,48.880744,2.382037,Me and my daughter had a blacklabrador until two years ago. We are very familiar with how dogs behave and we would like to help people having dogs.,4.9,★★★★★
48,de9bec78e948a40263b88a54177e062e,Matthew Smith,37,48.830891,2.381944,I have one golden retriever(7 years old) that is very peaceful. With him your dog can stay at our place without a stress. I work at home in a living room where your dog can spend time with me. I take great care of your dog.,4.9,★★☆☆☆
49,11a18fc365020ec9fef3c3c72699428f,Richard Ibarra,38,48.886214,2.257483,"All the pet owners who have asked me for pet-sitting were happy about how I took care of their dogs. I am delightful to spend time with dogs. Upon request, I also train your dog.",4.3,★☆☆☆☆
50,c8164514345e6e541c3ecff5ad42b4f3,Angela Roth,44,48.895017,2.276426,I have one golden retriever(7 years old) that is very peaceful. With him your dog can stay at our place without a stress. I work at home in a living room where your dog can spend time with me. I take great care of your dog.,4.9,★★★☆☆
51,6584dc5efad030019e0b85ce4404697d,Christopher Maxham,53,48.892576,2.257592,I had several dogs in my life and they all enriched my life. Now I don't own a dog but would love to help people foster dogs when having a difficult time. You can let your dogs stay in my place while you are working and I will look after very well.,3.1,★★★☆☆
52,c2fd5de1ebbae2f0e179ee9f62d54558,James Lindsey,26,48.845502,2.330891,Me and my daughter had a blacklabrador until two years ago. We are very familiar with how dogs behave and we would like to help people having dogs.,4.4,★★★☆☆
53,f54cfe9424154100b8f70b90c0d8a688,Danial Dewitt,59,48.81826,2.347218,"Me and my hudsband love dogs! We take care of your dog with love, and we even made our home in a dog-friendly style!",4.7,★☆☆☆☆
54,cdd88c5edfa3748ba22b21fcce679f55,Herbert Wade,65,48.864196,2.250933,"All the pet owners who have asked me for pet-sitting were happy about how I took care of their dogs. I am delightful to spend time with dogs. Upon request, I also train your dog.",4.5,★★★★★
55,32de21cd715a5ebe8007a58ff58bfe3f,Ricky Lavalley,42,48.855576,2.342722,"All the pet owners who have asked me for pet-sitting were happy about how I took care of their dogs. I am delightful to spend time with dogs. Upon request, I also train your dog.",3.3,★★★★☆
56,1425a2982466bce45eb7ac723d7f872e,Freda Bailey,23,48.872075,2.388968,"All the pet owners who have asked me for pet-sitting were happy about how I took care of their dogs. I am delightful to spend time with dogs. Upon request, I also train your dog.",3.6,★★★★★
57,0ffc6dd5068f05ab402a5c2d96bb3342,Donald Hinson,57,48.816633,2.397553,Me and my daughter had a blacklabrador until two years ago. We are very familiar with how dogs behave and we would like to help people having dogs.,3.0,★☆☆☆☆
58,80ba1c98662ec910ce051938e20903b3,Kevin Sanders,40,48.874414,2.346126,"Me and my hudsband love dogs! We take care of your dog with love, and we even made our home in a dog-friendly style!",4.9,★★★★★
59,5c18c7c0c5769d54091836dd18b1ab08,Herminia Flora,68,48.882678,2.257072,I have one golden retriever(7 years old) that is very peaceful. With him your dog can stay at our place without a stress. I work at home in a living room where your dog can spend time with me. I take great care of your dog.,3.9,★★★★☆
60,3366e25a2264b068285092826e560082,Arnoldo Clarke,51,48.893666,2.338868,"Me and my hudsband love dogs! We take care of your dog with love, and we even made our home in a dog-friendly style!",3.2,★★★★☆
61,90529463118801260fe21a2f42308962,Margaret Ellis,54,48.831429,2.331336,I am a professional dog trainer and from time to time I also do dog-sitting. I am very responsible person and will respond quickly to your messages.,3.2,★★★★☆
62,776329ccf1c9d31854adc57bae2e5ab2,Sheryl Miller,70,48.895702,2.380069,"All the pet owners who have asked me for pet-sitting were happy about how I took care of their dogs. I am delightful to spend time with dogs. Upon request, I also train your dog.",4.4,★★☆☆☆
63,b6c1ba5c621e7e67e67d73a838fcfb07,Jane Liv,44,48.897188,2.34985,I had several dogs in my life and they all enriched my life. Now I don't own a dog but would love to help people foster dogs when having a difficult time. You can let your dogs stay in my place while you are working and I will look after very well.,4.7,★★★★★
64,8de0bcaad4b956bc487f02cc4b65f06a,Vincent Kuter,40,48.81982,2.321491,I have one golden retriever(7 years old) that is very peaceful. With him your dog can stay at our place without a stress. I work at home in a living room where your dog can spend time with me. I take great care of your dog.,3.6,★☆☆☆☆
65,fb6ca4c7b6f79ec97059c135028db43d,Virginia Smith,22,48.895282,2.387575,Me and my daughter had a blacklabrador until two years ago. We are very familiar with how dogs behave and we would like to help people having dogs.,4.5,★★★☆☆
66,204bf6a17d8f5885f2c096ed8ffda907,James Mckay,64,48.838657,2.303194,"Me and my hudsband love dogs! We take care of your dog with love, and we even made our home in a dog-friendly style!",4.4,★★★★★
67,71e1fe98bca2707867e7e92059fe36e6,Dennis Carleton,44,48.880542,2.385416,"All the pet owners who have asked me for pet-sitting were happy about how I took care of their dogs. I am delightful to spend time with dogs. Upon request, I also train your dog.",3.5,★★★★☆
68,6f9e5ce0fc3a373e9b348658e05958b8,Latonya Edmond,39,48.818681,2.406851,I had several dogs in my life and they all enriched my life. Now I don't own a dog but would love to help people foster dogs when having a difficult time. You can let your dogs stay in my place while you are working and I will look after very well.,4.5,★☆☆☆☆
69,4f28982a80618d2e52de7dd0b1c21018,Johnathon Gladstone,62,48.874422,2.332138,I had several dogs in my life and they all enriched my life. Now I don't own a dog but would love to help people foster dogs when having a difficult time. You can let your dogs stay in my place while you are working and I will look after very well.,4.2,★★★☆☆
70,456435eb9bf5886f1281f233e5c28e4a,Myra Horton,58,48.835806,2.394732,"Me and my hudsband love dogs! We take care of your dog with love, and we even made our home in a dog-friendly style!",4.1,★☆☆☆☆
71,2c373bd97c7c8bcfcb67a5b754085ff1,Derek Sokolowich,21,48.870955,2.287865,"Me and my hudsband love dogs! We take care of your dog with love, and we even made our home in a dog-friendly style!",4.0,★☆☆☆☆
72,ba78221b20f952410ec9fca03f64fd67,Elizabeth Debruyn,48,48.818078,2.29861,I have one golden retriever(7 years old) that is very peaceful. With him your dog can stay at our place without a stress. I work at home in a living room where your dog can spend time with me. I take great care of your dog.,4.6,★★★☆☆
73,fc42920a011454d9c15a43d56d31352b,Jamee Steffenhagen,29,48.884405,2.321099,"All the pet owners who have asked me for pet-sitting were happy about how I took care of their dogs. I am delightful to spend time with dogs. Upon request, I also train your dog.",3.3,★★☆☆☆
74,75de0f78e0124bbf60fa29ff64fdafb4,Stanley Nguyen,43,48.898053,2.362623,I am a professional dog trainer and from time to time I also do dog-sitting. I am very responsible person and will respond quickly to your messages.,3.5,★★☆☆☆
75,490aa5878308e48758d5ac5b73e322d2,Ashley Mallet,35,48.815266,2.387108,I am a professional dog trainer and from time to time I also do dog-sitting. I am very responsible person and will respond quickly to your messages.,3.3,★★☆☆☆
76,f30450b8e6b0ac32dfe68ff37bd67778,Lolita Van,24,48.855117,2.295926,"All the pet owners who have asked me for pet-sitting were happy about how I took care of their dogs. I am delightful to spend time with dogs. Upon request, I also train your dog.",3.6,★☆☆☆☆
77,6a4db0aa394109afe4a39ce5300589ea,Howard Johnson,57,48.888469,2.255144,"All the pet owners who have asked me for pet-sitting were happy about how I took care of their dogs. I am delightful to spend time with dogs. Upon request, I also train your dog.",4.3,★★★★★
78,5cf4036a3d05f890cdc5106845c0c75b,Jennifer Carlson,60,48.859135,2.327806,I have one golden retriever(7 years old) that is very peaceful. With him your dog can stay at our place without a stress. I work at home in a living room where your dog can spend time with me. I take great care of your dog.,4.8,★★★☆☆
79,0423ac96648befea5c567d8a5d02a848,Alan Couch,60,48.84745,2.372493,I am a professional dog trainer and from time to time I also do dog-sitting. I am very responsible person and will respond quickly to your messages.,4.2,★☆☆☆☆
80,5e7f40d5c1e09fe7508fa3f2052e0240,Megan Burns,63,48.816338,2.269558,I am a professional dog trainer and from time to time I also do dog-sitting. I am very responsible person and will respond quickly to your messages.,3.4,★★★★☆
81,9c96d6c620465ee560a61937b23bb346,Philip Herold,52,48.826617,2.308963,"Me and my hudsband love dogs! We take care of your dog with love, and we even made our home in a dog-friendly style!",3.5,★★★★★
82,5e9565e1c9f5f15653afedb9da9d2005,Wayne Owens,34,48.826995,2.358358,I have one golden retriever(7 years old) that is very peaceful. With him your dog can stay at our place without a stress. I work at home in a living room where your dog can spend time with me. I take great care of your dog.,4.8,★★★★★
83,9b0cccd169e7375d241ed890d2979c2b,Stacey Gonzalez,46,48.83641,2.267996,I have one golden retriever(7 years old) that is very peaceful. With him your dog can stay at our place without a stress. I work at home in a living room where your dog can spend time with me. I take great care of your dog.,4.1,★★★☆☆
84,1b6b01f4e319b5f7aa983dc38fb67650,Cindi Perry,20,48.874589,2.304254,I am a professional dog trainer and from time to time I also do dog-sitting. I am very responsible person and will respond quickly to your messages.,4.5,★★★★☆
85,e46c77b2d50962dcbb0a587aabb6dd65,Nancy Sewell,61,48.845705,2.348729,Me and my daughter had a blacklabrador until two years ago. We are very familiar with how dogs behave and we would like to help people having dogs.,4.5,★★☆☆☆
86,52db24519caf968fb46bc63b327924d0,Sarah Cerny,30,48.823345,2.389729,Me and my daughter had a blacklabrador until two years ago. We are very familiar with how dogs behave and we would like to help people having dogs.,3.2,★☆☆☆☆
87,2f3734b605d170e104ae74bcbebebbfb,Christine Mitchell,40,48.866204,2.381292,"Me and my hudsband love dogs! We take care of your dog with love, and we even made our home in a dog-friendly style!",3.8,★★☆☆☆
88,67892001544dc94e1420c89ce20e7431,Jesse Sobina,44,48.881046,2.367213,"Me and my hudsband love dogs! We take care of your dog with love, and we even made our home in a dog-friendly style!",4.2,★★☆☆☆
89,acb78bc4a75f9222030a8645d619956f,James Chaisson,54,48.87791,2.273493,I am a professional dog trainer and from time to time I also do dog-sitting. I am very responsible person and will respond quickly to your messages.,4.0,★★☆☆☆
90,82b4ac7b2ab3eafbc304939702d43b84,Jordan Williams,34,48.846151,2.383261,I had several dogs in my life and they all enriched my life. Now I don't own a dog but would love to help people foster dogs when having a difficult time. You can let your dogs stay in my place while you are working and I will look after very well.,4.4,★★★★★
91,81aef2bbf80d440efa40a9dc7c312323,Jerry Hoeck,52,48.839858,2.330177,I am a professional dog trainer and from time to time I also do dog-sitting. I am very responsible person and will respond quickly to your messages.,3.7,★★☆☆☆
92,bed97b979cdee4bebb9b5d9ec46d7e9b,Vance Obrien,45,48.832181,2.352192,Me and my daughter had a blacklabrador until two years ago. We are very familiar with how dogs behave and we would like to help people having dogs.,3.9,★★★★☆
93,223e699841e2a5ffc41e106f13ad7206,Jennifer Smith,58,48.848725,2.340272,"All the pet owners who have asked me for pet-sitting were happy about how I took care of their dogs. I am delightful to spend time with dogs. Upon request, I also train your dog.",3.9,★☆☆☆☆
94,bed3947324bb695d436317d96df2f019,Sol Wilson,46,48.825688,2.377624,"All the pet owners who have asked me for pet-sitting were happy about how I took care of their dogs. I am delightful to spend time with dogs. Upon request, I also train your dog.",4.7,★★★★★
95,c80f22465fd42048e85ae8ddbe3e3a59,Christopher Innes,44,48.844487,2.396663,I had several dogs in my life and they all enriched my life. Now I don't own a dog but would love to help people foster dogs when having a difficult time. You can let your dogs stay in my place while you are working and I will look after very well.,4.6,★★☆☆☆
96,addc55ae0e9ce5f4dd6c5526a1f4f710,Debora Carroll,53,48.871787,2.290152,"Me and my hudsband love dogs! We take care of your dog with love, and we even made our home in a dog-friendly style!",4.8,★★★★★
97,959f8217bc44199b09a52c254d25b77d,Robert Lheureux,41,48.821405,2.279637,"Me and my hudsband love dogs! We take care of your dog with love, and we even made our home in a dog-friendly style!",3.9,★★☆☆☆
98,713edbfe703761b7ce4027860372339c,Connie Gamble,40,48.822097,2.315673,I had several dogs in my life and they all enriched my life. Now I don't own a dog but would love to help people foster dogs when having a difficult time. You can let your dogs stay in my place while you are working and I will look after very well.,3.6,★☆☆☆☆
99,3a1ed57d81b46dcce5b21a0fa3d85ea3,David Esquibel,40,48.871106,2.34947,I had several dogs in my life and they all enriched my life. Now I don't own a dog but would love to help people foster dogs when having a difficult time. You can let your dogs stay in my place while you are working and I will look after very well.,4.6,★★☆☆☆
100,dec907f00dc8f8f7f8accf9fb0dd0cc1,Vera Blankenship,59,48.840408,2.259031,I have one golden retriever(7 years old) that is very peaceful. With him your dog can stay at our place without a stress. I work at home in a living room where your dog can spend time with me. I take great care of your dog.,4.6,★★☆☆☆
101,ebd2862954c0e7ccf51d9551ae72dc97,Barbara Pulaski,58,48.890564,2.387694,"All the pet owners who have asked me for pet-sitting were happy about how I took care of their dogs. I am delightful to spend time with dogs. Upon request, I also train your dog.",4.1,★★☆☆☆
102,3e44b3ebb3bdb00e82a13ddc2c6d5b62,Joseph Obyrne,37,48.875547,2.400363,I am a professional dog trainer and from time to time I also do dog-sitting. I am very responsible person and will respond quickly to your messages.,4.0,★☆☆☆☆
103,d0782e54fa4c7d1e1e3a07a13c16254d,Nicholas Atkins,63,48.895195,2.289029,"All the pet owners who have asked me for pet-sitting were happy about how I took care of their dogs. I am delightful to spend time with dogs. Upon request, I also train your dog.",3.0,★★☆☆☆
104,7dab46e7642aecaf9a510d7323c92037,Ora Neff,56,48.869059,2.269078,Me and my daughter had a blacklabrador until two years ago. We are very familiar with how dogs behave and we would like to help people having dogs.,3.1,★★★☆☆
105,7cae194ec1d203ad4a7a095a8996faa8,Dawn Pinon,54,48.835252,2.281483,I had several dogs in my life and they all enriched my life. Now I don't own a dog but would love to help people foster dogs when having a difficult time. You can let your dogs stay in my place while you are working and I will look after very well.,4.7,★★☆☆☆
106,e0e377c00a1817e61422f3e73e5c4cae,Clifford Heverly,30,48.877336,2.280181,"Me and my hudsband love dogs! We take care of your dog with love, and we even made our home in a dog-friendly style!",4.6,★★★★★
107,96b570181ed2d0d550e2fe1fa3a530b2,Robert Trusty,37,48.899367,2.345001,"Me and my hudsband love dogs! We take care of your dog with love, and we even made our home in a dog-friendly style!",4.9,★★★★★
108,d8eb51bbc651d0b029613910b9393af7,Shawn Vining,66,48.874652,2.310378,Me and my daughter had a blacklabrador until two years ago. We are very familiar with how dogs behave and we would like to help people having dogs.,3.7,★★☆☆☆
109,15cc4537608defcb5a6ce564c722c58d,Blanche Parks,58,48.890705,2.326712,I am a professional dog trainer and from time to time I also do dog-sitting. I am very responsible person and will respond quickly to your messages.,3.6,★★★☆☆
110,038806b8c5a22ffa8da8c6d30418f129,Sandra Holland,51,48.815514,2.29628,I have one golden retriever(7 years old) that is very peaceful. With him your dog can stay at our place without a stress. I work at home in a living room where your dog can spend time with me. I take great care of your dog.,3.4,★★★☆☆
111,09d6843975e0441fb61a8eda21d5ec23,Angel Rolfe,40,48.897827,2.348716,Me and my daughter had a blacklabrador until two years ago. We are very familiar with how dogs behave and we would like to help people having dogs.,4.3,★☆☆☆☆
112,062115d69a3989f1522df58b12ce6893,Jennifer Bolton,37,48.882547,2.319605,Me and my daughter had a blacklabrador until two years ago. We are very familiar with how dogs behave and we would like to help people having dogs.,4.4,★★☆☆☆
113,545f0870d8f110d2d43ae45f65a76494,Mary Weil,32,48.861815,2.273082,"All the pet owners who have asked me for pet-sitting were happy about how I took care of their dogs. I am delightful to spend time with dogs. Upon request, I also train your dog.",4.5,★★★★★
114,9f09f51e2e333746348562d8dcbe1deb,Stephen Williams,56,48.829307,2.390288,"Me and my hudsband love dogs! We take care of your dog with love, and we even made our home in a dog-friendly style!",3.2,★★★☆☆
115,3ed3edb70433a5a4c77afaf69b51a3a7,Jeremy Humphreys,63,48.849276,2.401345,I had several dogs in my life and they all enriched my life. Now I don't own a dog but would love to help people foster dogs when having a difficult time. You can let your dogs stay in my place while you are working and I will look after very well.,4.9,★★☆☆☆
116,d705169dd1aea11745145e00d11f671c,Jeanette Ellis,28,48.82784,2.305301,I have one golden retriever(7 years old) that is very peaceful. With him your dog can stay at our place without a stress. I work at home in a living room where your dog can spend time with me. I take great care of your dog.,4.4,★★★☆☆
117,e512de4b9d18dbcbc74c2907939e5514,Christopher Backey,63,48.829995,2.372993,I am a professional dog trainer and from time to time I also do dog-sitting. I am very responsible person and will respond quickly to your messages.,3.4,★★★★☆
118,a5dbd7972ed31c027b7a4960729dc4e9,Bruce Laster,56,48.875333,2.254816,I have one golden retriever(7 years old) that is very peaceful. With him your dog can stay at our place without a stress. I work at home in a living room where your dog can spend time with me. I take great care of your dog.,4.5,★☆☆☆☆
119,3b624b068eb9362e2f4fa1ff619cc8fc,Richard Wojner,29,48.860557,2.288891,I have one golden retriever(7 years old) that is very peaceful. With him your dog can stay at our place without a stress. I work at home in a living room where your dog can spend time with me. I take great care of your dog.,3.7,★★★☆☆
120,652125c703cff51ada6db7e1273572f5,Mary Wiles,65,48.890546,2.346916,I have one golden retriever(7 years old) that is very peaceful. With him your dog can stay at our place without a stress. I work at home in a living room where your dog can spend time with me. I take great care of your dog.,4.3,★★★★☆
121,0616b0d088687e9ba5431b67ed442a3f,Jason Perez,33,48.81143,2.258275,I am a professional dog trainer and from time to time I also do dog-sitting. I am very responsible person and will respond quickly to your messages.,4.3,★★☆☆☆
122,1d133d3c6c1e1572991ec92c7f571a46,Brent Leuthauser,53,48.857063,2.274637,I have one golden retriever(7 years old) that is very peaceful. With him your dog can stay at our place without a stress. I work at home in a living room where your dog can spend time with me. I take great care of your dog.,3.3,★☆☆☆☆
123,c0830f7af1f7a90ff89abfa1338b0f01,Patrick Miles,42,48.899314,2.367669,Me and my daughter had a blacklabrador until two years ago. We are very familiar with how dogs behave and we would like to help people having dogs.,4.8,★★★★★
124,5ce9800de70952ec7787655cf0531572,Jeffrey Littlefield,30,48.812116,2.297298,I had several dogs in my life and they all enriched my life. Now I don't own a dog but would love to help people foster dogs when having a difficult time. You can let your dogs stay in my place while you are working and I will look after very well.,4.2,★★★★☆
125,7fafb4d59477f62c707d7351baf80d96,Gary Harris,53,48.832131,2.306165,I had several dogs in my life and they all enriched my life. Now I don't own a dog but would love to help people foster dogs when having a difficult time. You can let your dogs stay in my place while you are working and I will look after very well.,3.3,★★☆☆☆
126,a4c069b52c843628254856672a759526,Donald Hou,25,48.841652,2.30361,I had several dogs in my life and they all enriched my life. Now I don't own a dog but would love to help people foster dogs when having a difficult time. You can let your dogs stay in my place while you are working and I will look after very well.,3.8,★★☆☆☆
127,b0ff8ed60c31c667520c6815249389f4,Eloise Rhudy,55,48.876109,2.326905,Me and my daughter had a blacklabrador until two years ago. We are very familiar with how dogs behave and we would like to help people having dogs.,3.5,★★★★☆
128,7f4966dc2dae5ec7ed5ccbad6bbc34ac,Shelly Chandler,54,48.858919,2.318311,I am a professional dog trainer and from time to time I also do dog-sitting. I am very responsible person and will respond quickly to your messages.,4.2,★☆☆☆☆
129,0210999ccedd42178d4c66adae94f867,Eva Ortiz,25,48.856982,2.360719,Me and my daughter had a blacklabrador until two years ago. We are very familiar with how dogs behave and we would like to help people having dogs.,3.9,★★★☆☆
130,224853367ac4e201896ec114fc86fbe0,Wesley Brennan,32,48.886623,2.297758,Me and my daughter had a blacklabrador until two years ago. We are very familiar with how dogs behave and we would like to help people having dogs.,3.6,★★☆☆☆
131,d4387196be6a91c08914a554990eb8ab,Lonnie Gordon,52,48.887651,2.384034,I am a professional dog trainer and from time to time I also do dog-sitting. I am very responsible person and will respond quickly to your messages.,3.5,★★★★☆
132,27617ad3d6edb38d656fa39d1869b1ad,Keith Kirby,32,48.814075,2.405097,"All the pet owners who have asked me for pet-sitting were happy about how I took care of their dogs. I am delightful to spend time with dogs. Upon request, I also train your dog.",3.8,★☆☆☆☆
133,c0c35efecde0b9b8f07b881e4cb0cbaa,Amanda Russell,44,48.881062,2.27311,I had several dogs in my life and they all enriched my life. Now I don't own a dog but would love to help people foster dogs when having a difficult time. You can let your dogs stay in my place while you are working and I will look after very well.,4.5,★★★☆☆
134,a2d1b3b587be52890b9b9e2cdaa5accd,Charles Griego,56,48.899225,2.378284,"All the pet owners who have asked me for pet-sitting were happy about how I took care of their dogs. I am delightful to spend time with dogs. Upon request, I also train your dog.",3.7,★★☆☆☆
135,28b078b37a4204b5e2581081c4375388,George Arrey,55,48.87986,2.26828,I had several dogs in my life and they all enriched my life. Now I don't own a dog but would love to help people foster dogs when having a difficult time. You can let your dogs stay in my place while you are working and I will look after very well.,3.1,★★★★☆
136,52cfb7ab07d7dcacff42351768ccc22f,Thomas Phillips,63,48.836875,2.284208,"Me and my hudsband love dogs! We take care of your dog with love, and we even made our home in a dog-friendly style!",3.7,★★☆☆☆
137,52b5d7acb1dcba8752054e5d3597b817,Sheila Locher,70,48.860354,2.260401,Me and my daughter had a blacklabrador until two years ago. We are very familiar with how dogs behave and we would like to help people having dogs.,4.7,★★☆☆☆
138,1a346205905eac13e3ec10625a56ae58,Lilia Rollman,28,48.838909,2.317033,I am a professional dog trainer and from time to time I also do dog-sitting. I am very responsible person and will respond quickly to your messages.,4.7,★★☆☆☆
139,100dfeb30a112629ae429f00f3dd2cc0,Warren Cooper,50,48.816441,2.393392,"Me and my hudsband love dogs! We take care of your dog with love, and we even made our home in a dog-friendly style!",4.9,★★★★☆
140,b1318b6dea174b700038236fb3cd93e4,Alicia Rooks,66,48.889978,2.403257,I am a professional dog trainer and from time to time I also do dog-sitting. I am very responsible person and will respond quickly to your messages.,4.4,★★★★☆
141,1eac0cf8733cc2672e5d8151e74ea845,Dorothy Genova,46,48.862989,2.250788,Me and my daughter had a blacklabrador until two years ago. We are very familiar with how dogs behave and we would like to help people having dogs.,4.0,★☆☆☆☆
142,a4e0c1b747cd3d7aca771082fd00c919,Jean Chong,48,48.829413,2.355265,I have one golden retriever(7 years old) that is very peaceful. With him your dog can stay at our place without a stress. I work at home in a living room where your dog can spend time with me. I take great care of your dog.,4.0,★★★★★
143,37ed6b1902b7640b42bdb2598c0c765b,Allen Reves,33,48.8866,2.250681,I have one golden retriever(7 years old) that is very peaceful. With him your dog can stay at our place without a stress. I work at home in a living room where your dog can spend time with me. I take great care of your dog.,4.1,★☆☆☆☆
144,14c47695bdb7fbf4f383a07b2bdf8310,Melvin Smith,59,48.834891,2.320595,I am a professional dog trainer and from time to time I also do dog-sitting. I am very responsible person and will respond quickly to your messages.,4.7,★★☆☆☆
145,81c97c6e7dcc6d1c814048dae7b7f37b,Kendra Reyes,61,48.89418,2.329819,"Me and my hudsband love dogs! We take care of your dog with love, and we even made our home in a dog-friendly style!",4.0,★★☆☆☆
146,e80858905880b65c8269567eac0f81d1,Clinton Robertson,25,48.829576,2.342248,I have one golden retriever(7 years old) that is very peaceful. With him your dog can stay at our place without a stress. I work at home in a living room where your dog can spend time with me. I take great care of your dog.,3.8,★☆☆☆☆
147,4027ff19bdcf75d2f271b0b3a8f48aaf,Kimberly Thai,53,48.880833,2.36145,"All the pet owners who have asked me for pet-sitting were happy about how I took care of their dogs. I am delightful to spend time with dogs. Upon request, I also train your dog.",4.9,★★☆☆☆
148,fc8d96f3761f74a81d84c7be9248fccb,Kimberly Lentz,53,48.820617,2.303253,I am a professional dog trainer and from time to time I also do dog-sitting. I am very responsible person and will respond quickly to your messages.,4.6,★★★☆☆
149,01fdc155acbe65a181f58a7934125d98,Gwendolyn Labranche,36,48.853951,2.27335,I have one golden retriever(7 years old) that is very peaceful. With him your dog can stay at our place without a stress. I work at home in a living room where your dog can spend time with me. I take great care of your dog.,3.3,★★★★★
150,89a65f620b0d27e53892735a504fd76c,Dale Mcelderry,26,48.837122,2.287692,Me and my daughter had a blacklabrador until two years ago. We are very familiar with how dogs behave and we would like to help people having dogs.,3.5,★★★★☆
151,1402b295d67f828eb18a1b858ef45747,Charles Caravello,40,48.814541,2.302443,I have one golden retriever(7 years old) that is very peaceful. With him your dog can stay at our place without a stress. I work at home in a living room where your dog can spend time with me. I take great care of your dog.,4.0,★★★★★
152,9a4ace5d51a8eecd58fb9ed153e9450a,Paul Heuser,27,48.825526,2.341754,Me and my daughter had a blacklabrador until two years ago. We are very familiar with how dogs behave and we would like to help people having dogs.,3.0,★★★★☆
153,a47d5b5eac744b47425a95060b629b15,Andrew Keala,55,48.862727,2.384057,"All the pet owners who have asked me for pet-sitting were happy about how I took care of their dogs. I am delightful to spend time with dogs. Upon request, I also train your dog.",3.6,★★★☆☆
154,d9309b03ece71ceaecfb11feea2159f2,Debbie Freeman,41,48.852223,2.405418,Me and my daughter had a blacklabrador until two years ago. We are very familiar with how dogs behave and we would like to help people having dogs.,3.6,★★★★★
155,4c5cc1529cb333a8af105440ec29f3c5,Paul Shanker,45,48.879924,2.296371,Me and my daughter had a blacklabrador until two years ago. We are very familiar with how dogs behave and we would like to help people having dogs.,3.5,★★★★★
156,1423868c4695bd2bdf417ba97a26f11d,Felix Tan,55,48.859438,2.381393,I am a professional dog trainer and from time to time I also do dog-sitting. I am very responsible person and will respond quickly to your messages.,4.5,★★★★☆
157,e0a0dbf13d94ace70c16929da4240eb4,Owen Powell,30,48.812595,2.319665,Me and my daughter had a blacklabrador until two years ago. We are very familiar with how dogs behave and we would like to help people having dogs.,4.1,★★★☆☆
158,9fc071dd44a5183c24e2f01dab37ee5f,Micheal Pina,35,48.819197,2.313739,"Me and my hudsband love dogs! We take care of your dog with love, and we even made our home in a dog-friendly style!",4.5,★★★☆☆
159,2c52b2939bb154b2095192c97393edd3,Bruce Brown,69,48.894313,2.317216,"All the pet owners who have asked me for pet-sitting were happy about how I took care of their dogs. I am delightful to spend time with dogs. Upon request, I also train your dog.",4.0,★☆☆☆☆
160,85cbc4ea05e660b2173d454a1900beaa,Cecile Hill,60,48.826892,2.284119,I have one golden retriever(7 years old) that is very peaceful. With him your dog can stay at our place without a stress. I work at home in a living room where your dog can spend time with me. I take great care of your dog.,4.7,★★☆☆☆
161,29de6298482c46c0a02d30ae650c75a1,John Reyes,48,48.822269,2.286319,"All the pet owners who have asked me for pet-sitting were happy about how I took care of their dogs. I am delightful to spend time with dogs. Upon request, I also train your dog.",4.9,★★★★☆
162,685be593a2aa43ec9db2861d0a692d0c,Michael Mccoy,68,48.855153,2.267275,I have one golden retriever(7 years old) that is very peaceful. With him your dog can stay at our place without a stress. I work at home in a living room where your dog can spend time with me. I take great care of your dog.,3.6,★☆☆☆☆
163,c84907a054bf4971b6fd4ccc61ac77ed,Laurie Samuels,64,48.880746,2.394977,I had several dogs in my life and they all enriched my life. Now I don't own a dog but would love to help people foster dogs when having a difficult time. You can let your dogs stay in my place while you are working and I will look after very well.,3.9,★★★★★
164,4d53571cdda470d65536a471656eae9a,Weldon Nettles,54,48.88949,2.300985,I am a professional dog trainer and from time to time I also do dog-sitting. I am very responsible person and will respond quickly to your messages.,4.5,★★★☆☆
165,a04e4d6a675c8a13b61461f06416c6f0,Alysa Salcedo,35,48.875759,2.267215,I am a professional dog trainer and from time to time I also do dog-sitting. I am very responsible person and will respond quickly to your messages.,3.5,★★★☆☆
166,11359303aa33df6a035f61fcc6c83fbc,John Vanhoutte,38,48.814364,2.405431,Me and my daughter had a blacklabrador until two years ago. We are very familiar with how dogs behave and we would like to help people having dogs.,3.2,★☆☆☆☆
167,1db5657b28873aad046cb60d1338f2e1,Maria Fleagle,50,48.832051,2.350161,I am a professional dog trainer and from time to time I also do dog-sitting. I am very responsible person and will respond quickly to your messages.,3.6,★★★☆☆
168,c3055bd3e75ca06f6c344b8fc2c833b5,Lawrence Matthews,36,48.889289,2.32556,"Me and my hudsband love dogs! We take care of your dog with love, and we even made our home in a dog-friendly style!",4.1,★★★★★
169,34972d955b02b1bc55e27488f148d271,David Leverett,68,48.858856,2.316698,"Me and my hudsband love dogs! We take care of your dog with love, and we even made our home in a dog-friendly style!",3.7,★☆☆☆☆
170,bb6f66a1fbab4d05660305cde93939f1,Albert Gutierrez,63,48.890475,2.329042,Me and my daughter had a blacklabrador until two years ago. We are very familiar with how dogs behave and we would like to help people having dogs.,4.1,★★☆☆☆
171,ddfcb45bc699120c28052a48e8343b63,James Stivers,28,48.812945,2.261373,Me and my daughter had a blacklabrador until two years ago. We are very familiar with how dogs behave and we would like to help people having dogs.,4.5,★★★★☆
172,44f1d52eea5fdc4729663a126a8e1739,Phyllis Leven,39,48.825596,2.252601,"All the pet owners who have asked me for pet-sitting were happy about how I took care of their dogs. I am delightful to spend time with dogs. Upon request, I also train your dog.",3.9,★★★★★
173,2c3d7f439a99fa5c1b7efca030180ae3,Willis Chisley,20,48.819693,2.380467,"Me and my hudsband love dogs! We take care of your dog with love, and we even made our home in a dog-friendly style!",3.2,★★☆☆☆
174,9b7551171cdc9dccca3023b0d8129d71,Danielle Highbaugh,22,48.852834,2.362757,"All the pet owners who have asked me for pet-sitting were happy about how I took care of their dogs. I am delightful to spend time with dogs. Upon request, I also train your dog.",4.7,★☆☆☆☆
175,049179160be267dbd663a42ed9448e3c,Marie Mckee,55,48.844187,2.357854,"All the pet owners who have asked me for pet-sitting were happy about how I took care of their dogs. I am delightful to spend time with dogs. Upon request, I also train your dog.",3.7,★★★☆☆
176,cb7c420655ede6044353ffd6126f9250,Sylvia Scott,24,48.849036,2.253894,I had several dogs in my life and they all enriched my life. Now I don't own a dog but would love to help people foster dogs when having a difficult time. You can let your dogs stay in my place while you are working and I will look after very well.,3.2,★★☆☆☆
177,e9b34250fe77eda568a9bf2b4fc23070,John Villa,53,48.848877,2.256324,Me and my daughter had a blacklabrador until two years ago. We are very familiar with how dogs behave and we would like to help people having dogs.,3.1,★★★☆☆
178,08ba84c36df45292dfc5aef1a46c25fc,Jesse Dwight,64,48.845696,2.367822,"All the pet owners who have asked me for pet-sitting were happy about how I took care of their dogs. I am delightful to spend time with dogs. Upon request, I also train your dog.",4.2,★★★☆☆
179,8c7ea6c2926cfaee2fd8c846c7f8d522,Mary Bell,49,48.887871,2.28388,Me and my daughter had a blacklabrador until two years ago. We are very familiar with how dogs behave and we would like to help people having dogs.,3.4,★☆☆☆☆
180,ea719d2c176c3bfcd46a1fae5f14ed59,Darlene Ramirez,38,48.879672,2.347609,I have one golden retriever(7 years old) that is very peaceful. With him your dog can stay at our place without a stress. I work at home in a living room where your dog can spend time with me. I take great care of your dog.,4.5,★★☆☆☆
181,16e9a00d8eb892fc7d3471bfb829a60f,Richard Clewell,20,48.850018,2.391155,"Me and my hudsband love dogs! We take care of your dog with love, and we even made our home in a dog-friendly style!",4.0,★★★★☆
182,691ac841f264e849ea57694842ff7186,Edna Johnson,56,48.863182,2.329152,Me and my daughter had a blacklabrador until two years ago. We are very familiar with how dogs behave and we would like to help people having dogs.,4.1,★☆☆☆☆
183,7f0895975b92c4eca71cbf9326cebd5e,Teresa Delatorre,66,48.840284,2.365068,I am a professional dog trainer and from time to time I also do dog-sitting. I am very responsible person and will respond quickly to your messages.,4.9,★☆☆☆☆
184,0806ef309c268809f99f8bc7dc7199b2,Dana Swigert,26,48.825972,2.408164,"All the pet owners who have asked me for pet-sitting were happy about how I took care of their dogs. I am delightful to spend time with dogs. Upon request, I also train your dog.",3.7,★★★☆☆
185,d7a54099fba02d3c770ae9876e0e043a,Patricia Luffy,36,48.836826,2.345214,I have one golden retriever(7 years old) that is very peaceful. With him your dog can stay at our place without a stress. I work at home in a living room where your dog can spend time with me. I take great care of your dog.,3.7,★☆☆☆☆
186,d2259420c66756a45a331368ef9c82a8,David Kinkead,54,48.892427,2.404018,"Me and my hudsband love dogs! We take care of your dog with love, and we even made our home in a dog-friendly style!",3.6,★★★★★
187,8a8a9f62a8982e57a1e6175e19f285e1,Blaine Madison,64,48.833877,2.261396,I had several dogs in my life and they all enriched my life. Now I don't own a dog but would love to help people foster dogs when having a difficult time. You can let your dogs stay in my place while you are working and I will look after very well.,4.7,★★★☆☆
188,e8b932f36c369dcbd143c059810ef915,Joyce Watters,27,48.830955,2.286022,Me and my daughter had a blacklabrador until two years ago. We are very familiar with how dogs behave and we would like to help people having dogs.,3.4,★★☆☆☆
189,36b7ed77055fb14ad7aef5b0e5d81ed1,Steven Evans,42,48.859395,2.275401,I am a professional dog trainer and from time to time I also do dog-sitting. I am very responsible person and will respond quickly to your messages.,4.0,★★★☆☆
190,0e4e8d2b9f03ad2c89297933df7ff4b9,Tanya Martinez,27,48.822114,2.391597,I have one golden retriever(7 years old) that is very peaceful. With him your dog can stay at our place without a stress. I work at home in a living room where your dog can spend time with me. I take great care of your dog.,4.2,★☆☆☆☆
191,14c7d43985aa124a3ddb052c7ed6e863,James Snow,22,48.831272,2.357463,"All the pet owners who have asked me for pet-sitting were happy about how I took care of their dogs. I am delightful to spend time with dogs. Upon request, I also train your dog.",4.4,★★☆☆☆
192,1ed636ce654f0f84541dbf94a31558c7,Elaine Russell,29,48.889622,2.312152,I have one golden retriever(7 years old) that is very peaceful. With him your dog can stay at our place without a stress. I work at home in a living room where your dog can spend time with me. I take great care of your dog.,3.1,★★★★☆
193,0ccb601c33d5680d6131ca19e2dcc9b3,Arthur Johnson,55,48.878393,2.405266,I had several dogs in my life and they all enriched my life. Now I don't own a dog but would love to help people foster dogs when having a difficult time. You can let your dogs stay in my place while you are working and I will look after very well.,4.1,★★★★☆
194,f6caaae9196739655fe07a8893c2135c,Dorothea Villarreal,38,48.850335,2.325416,"Me and my hudsband love dogs! We take care of your dog with love, and we even made our home in a dog-friendly style!",4.2,★☆☆☆☆
195,665e1d921b205f4bc7a44f81694af303,Sam Usrey,45,48.844011,2.2895,"All the pet owners who have asked me for pet-sitting were happy about how I took care of their dogs. I am delightful to spend time with dogs. Upon request, I also train your dog.",3.7,★☆☆☆☆
196,02c783da1189a115458a02780e2f0df4,Jeannette Bloomfield,21,48.83336,2.354443,I am a professional dog trainer and from time to time I also do dog-sitting. I am very responsible person and will respond quickly to your messages.,3.2,★★★★☆
197,9e85551d1986c50f6d530a495a9aa714,Patricia Krueger,43,48.845355,2.324629,Me and my daughter had a blacklabrador until two years ago. We are very familiar with how dogs behave and we would like to help people having dogs.,4.3,★☆☆☆☆
198,95e4156253e958799fd692db5623b4fa,Francis Spradlin,69,48.867002,2.378284,Me and my daughter had a blacklabrador until two years ago. We are very familiar with how dogs behave and we would like to help people having dogs.,4.3,★★★★☆
199,c87e84ccf8b9794ae1ba44acd2e7e54d,Barry Parker,39,48.82959,2.337708,I am a professional dog trainer and from time to time I also do dog-sitting. I am very responsible person and will respond quickly to your messages.,4.3,★★★☆☆
200,e77cde56da67c4c45f63140338e7a883,Brian Chestnut,65,48.87235,2.273576,I am a professional dog trainer and from time to time I also do dog-sitting. I am very responsible person and will respond quickly to your messages.,4.0,★★★☆☆
201,d9811eb6907eb28179fa9621a4052483,Lucy Irvine,27,48.880678,2.387256,"All the pet owners who have asked me for pet-sitting were happy about how I took care of their dogs. I am delightful to spend time with dogs. Upon request, I also train your dog.",4.9,★★★★☆
202,3d49aec5eed90a38f899f5b1092a5a90,Shari Kuo,31,48.85314,2.346287,"Me and my hudsband love dogs! We take care of your dog with love, and we even made our home in a dog-friendly style!",4.1,★★★★★
203,9f57a48c1505dbf2a545e5dea835d5fc,Cynthia Varella,26,48.8574,2.318589,Me and my daughter had a blacklabrador until two years ago. We are very familiar with how dogs behave and we would like to help people having dogs.,4.3,★☆☆☆☆
204,8aca112d87e48e5ba70f35c9bc12ea13,Richard Hill,30,48.826554,2.352482,"All the pet owners who have asked me for pet-sitting were happy about how I took care of their dogs. I am delightful to spend time with dogs. Upon request, I also train your dog.",3.9,★★★☆☆
205,6eadd37001501e7e5af5feef2eda63d4,Pamela Kshywonis,69,48.878056,2.400225,I had several dogs in my life and they all enriched my life. Now I don't own a dog but would love to help people foster dogs when having a difficult time. You can let your dogs stay in my place while you are working and I will look after very well.,4.4,★☆☆☆☆
206,198511c35a9828c7058fa929ce3647c0,Jennifer Coleman,61,48.831844,2.301699,I am a professional dog trainer and from time to time I also do dog-sitting. I am very responsible person and will respond quickly to your messages.,4.1,★★★☆☆
207,96f6aee3da08a7016a0170df844b5a98,John Ricker,42,48.878537,2.378847,Me and my daughter had a blacklabrador until two years ago. We are very familiar with how dogs behave and we would like to help people having dogs.,3.1,★★★★☆
208,791e88ec74b69666295717598a81aed3,Clare Jacobs,55,48.846769,2.346039,"Me and my hudsband love dogs! We take care of your dog with love, and we even made our home in a dog-friendly style!",4.6,★★★☆☆
209,db6eb9d69dbdc8a7a8df490b59e59232,David Morgan,63,48.854994,2.293986,"All the pet owners who have asked me for pet-sitting were happy about how I took care of their dogs. I am delightful to spend time with dogs. Upon request, I also train your dog.",3.2,★★★☆☆
210,33f4058a8995f7da902b010890c29def,George Castellano,59,48.882005,2.378571,I am a professional dog trainer and from time to time I also do dog-sitting. I am very responsible person and will respond quickly to your messages.,3.8,★★★☆☆
211,469774e354e5514712ed8ec852c84d1d,Sherry Martin,62,48.834395,2.269204,Me and my daughter had a blacklabrador until two years ago. We are very familiar with how dogs behave and we would like to help people having dogs.,4.7,★★★★★
212,606ea59189bc1ae7b97d7e4430576557,Eleanor Kort,56,48.829389,2.389637,I am a professional dog trainer and from time to time I also do dog-sitting. I am very responsible person and will respond quickly to your messages.,4.2,★★☆☆☆
213,4147266ef09fed5f914f6c44b34fa8e0,Justin Davis,36,48.821685,2.356343,I am a professional dog trainer and from time to time I also do dog-sitting. I am very responsible person and will respond quickly to your messages.,4.8,★★★★☆
214,23dde634ce057c68f8f83182c49ee382,Donald Grill,31,48.83185,2.403404,I have one golden retriever(7 years old) that is very peaceful. With him your dog can stay at our place without a stress. I work at home in a living room where your dog can spend time with me. I take great care of your dog.,3.3,★★☆☆☆
215,db28d08a61fbfbdb6926d9e64ddca313,Rae Long,41,48.897117,2.333909,"All the pet owners who have asked me for pet-sitting were happy about how I took care of their dogs. I am delightful to spend time with dogs. Upon request, I also train your dog.",3.4,★★★★★
216,77b244b6810cf92b9a96f11705ccbd50,Alexander Campbell,38,48.885373,2.342267,I am a professional dog trainer and from time to time I also do dog-sitting. I am very responsible person and will respond quickly to your messages.,3.9,★★★★☆
217,56055f8fb16562500fd2a133ee1c76b5,Howard Tribley,48,48.853967,2.271586,Me and my daughter had a blacklabrador until two years ago. We are very familiar with how dogs behave and we would like to help people having dogs.,4.3,★★★★★
218,3182e3833ae6f763a5a74ca4ce29a1e9,Tomasa Kim,22,48.814748,2.281071,Me and my daughter had a blacklabrador until two years ago. We are very familiar with how dogs behave and we would like to help people having dogs.,4.6,★★★★★
219,0ac53ebe67dcd462b96e04a8c4b909db,Gary Kennedy,68,48.88958,2.35926,"All the pet owners who have asked me for pet-sitting were happy about how I took care of their dogs. I am delightful to spend time with dogs. Upon request, I also train your dog.",4.5,★☆☆☆☆
220,208c4cfb0c6aa0e111092c28a2e1a935,Devin Moore,62,48.83378,2.282695,"Me and my hudsband love dogs! We take care of your dog with love, and we even made our home in a dog-friendly style!",3.6,★★★★☆
221,db5c80c14acbbd0290079f16bc79987c,John Dahms,55,48.820767,2.34296,"All the pet owners who have asked me for pet-sitting were happy about how I took care of their dogs. I am delightful to spend time with dogs. Upon request, I also train your dog.",3.6,★★☆☆☆
222,fa2f012a87e5ca90240e897cd0f88cd5,Tracy Beamer,62,48.835831,2.288774,I had several dogs in my life and they all enriched my life. Now I don't own a dog but would love to help people foster dogs when having a difficult time. You can let your dogs stay in my place while you are working and I will look after very well.,4.6,★★☆☆☆
223,a9af74d82cf6ff752d242ee0482741c5,David Clemmons,51,48.84158,2.296125,"Me and my hudsband love dogs! We take care of your dog with love, and we even made our home in a dog-friendly style!",4.6,★★☆☆☆
224,3d549ab9abe1bfad0d537f6b07045bbd,Laura Clover,34,48.813764,2.382895,"Me and my hudsband love dogs! We take care of your dog with love, and we even made our home in a dog-friendly style!",4.9,★★★★☆
225,00e53f2de1ea4e4e77ea9465d8ba9c85,Daniel Chalker,26,48.857575,2.396135,I have one golden retriever(7 years old) that is very peaceful. With him your dog can stay at our place without a stress. I work at home in a living room where your dog can spend time with me. I take great care of your dog.,4.9,★★★★★
226,afd1501f2601260058909ce837939c3d,Jennifer Mullins,44,48.870141,2.255037,"Me and my hudsband love dogs! We take care of your dog with love, and we even made our home in a dog-friendly style!",4.9,★☆☆☆☆
227,e2f145ec9bb738e02ca091599c923a78,Mary Amante,66,48.846442,2.396605,I am a professional dog trainer and from time to time I also do dog-sitting. I am very responsible person and will respond quickly to your messages.,4.9,★★★☆☆
228,cfc235b299b080ef6120e33dbc621968,Michael Crockett,40,48.848273,2.316138,I am a professional dog trainer and from time to time I also do dog-sitting. I am very responsible person and will respond quickly to your messages.,4.8,★★★★☆
229,1424c94d09e2440479822d128b3e4e26,Charles Marquez,56,48.835197,2.330506,I am a professional dog trainer and from time to time I also do dog-sitting. I am very responsible person and will respond quickly to your messages.,3.2,★★★★★
230,f934e01953b84be6bb5d7e6613bc3a06,William Polin,41,48.823933,2.372556,I am a professional dog trainer and from time to time I also do dog-sitting. I am very responsible person and will respond quickly to your messages.,4.1,★★★☆☆
231,bdc3c024b144c9053a39659f6e14be7f,Dorothy Obrien,40,48.810343,2.347482,"Me and my hudsband love dogs! We take care of your dog with love, and we even made our home in a dog-friendly style!",3.7,★★★★★
232,435e94d0cf0ca7b966e6c2ff8279cf3f,Gregory Buff,65,48.843449,2.332718,I had several dogs in my life and they all enriched my life. Now I don't own a dog but would love to help people foster dogs when having a difficult time. You can let your dogs stay in my place while you are working and I will look after very well.,3.8,★★★★★
233,474c883e0b8f8bb3d26b7e6e398aea9a,Angel Cash,33,48.824532,2.322779,"All the pet owners who have asked me for pet-sitting were happy about how I took care of their dogs. I am delightful to spend time with dogs. Upon request, I also train your dog.",4.4,★★★★☆
234,d0f6c8531bd576406768ac4372287b3f,Charles Bowles,61,48.888807,2.384899,Me and my daughter had a blacklabrador until two years ago. We are very familiar with how dogs behave and we would like to help people having dogs.,3.3,★★★★☆
235,339d6b6807408c6593acf6232369e4a5,Sandra Humphrey,61,48.828535,2.365418,"Me and my hudsband love dogs! We take care of your dog with love, and we even made our home in a dog-friendly style!",3.0,★★★☆☆
236,4ca7fca4673266161ceee29ddc3daf57,Margaret Rowland,25,48.838264,2.388672,I have one golden retriever(7 years old) that is very peaceful. With him your dog can stay at our place without a stress. I work at home in a living room where your dog can spend time with me. I take great care of your dog.,4.4,★★★★★
237,e5e06510ce64e43adb57c1523f3a0cd4,Ronnie Baker,23,48.824253,2.311181,I had several dogs in my life and they all enriched my life. Now I don't own a dog but would love to help people foster dogs when having a difficult time. You can let your dogs stay in my place while you are working and I will look after very well.,4.8,★★★★☆
238,b54e19c85126cbe984d27fcd8fc4c08c,Charles Childs,50,48.899425,2.271091,I had several dogs in my life and they all enriched my life. Now I don't own a dog but would love to help people foster dogs when having a difficult time. You can let your dogs stay in my place while you are working and I will look after very well.,4.6,★★★★★
239,b73b2ddcc8d7845fc814c235c617b735,Lorraine Johnson,39,48.846017,2.359467,I am a professional dog trainer and from time to time I also do dog-sitting. I am very responsible person and will respond quickly to your messages.,4.8,★★★★★
240,823db7cf656aa3ba12f62558b5212f66,Monique Tointon,37,48.853293,2.259048,I am a professional dog trainer and from time to time I also do dog-sitting. I am very responsible person and will respond quickly to your messages.,3.5,★★☆☆☆
241,c537a9e669518d44b9bd29ede6677cd0,Jim Lopez,42,48.874479,2.349824,Me and my daughter had a blacklabrador until two years ago. We are very familiar with how dogs behave and we would like to help people having dogs.,3.4,★★★★☆
242,7204e8028ac19fe306f0b2940d3a9cde,Megan Fuller,29,48.891653,2.357414,Me and my daughter had a blacklabrador until two years ago. We are very familiar with how dogs behave and we would like to help people having dogs.,3.2,★★☆☆☆
243,403a5f71831ce4e359744fd608a845f3,Mary Gallman,57,48.860267,2.361361,I have one golden retriever(7 years old) that is very peaceful. With him your dog can stay at our place without a stress. I work at home in a living room where your dog can spend time with me. I take great care of your dog.,4.1,★★★★☆
244,51c41b83576d44cf8b52e8cf798893a8,Ernestine Franklin,35,48.879564,2.263061,I have one golden retriever(7 years old) that is very peaceful. With him your dog can stay at our place without a stress. I work at home in a living room where your dog can spend time with me. I take great care of your dog.,3.9,★★☆☆☆
245,4f09b05ec626c4435502ba256e94f4af,Lissa Bushman,30,48.899399,2.402526,"Me and my hudsband love dogs! We take care of your dog with love, and we even made our home in a dog-friendly style!",4.4,★★★★☆
246,9d8d47f2c425aa020d370e20216846bb,Daniel Scott,49,48.891,2.321288,Me and my daughter had a blacklabrador until two years ago. We are very familiar with how dogs behave and we would like to help people having dogs.,3.2,★☆☆☆☆
247,af2aefdf34516e1a140d9a97d2150d52,Tracy Garcia,58,48.877104,2.381314,I have one golden retriever(7 years old) that is very peaceful. With him your dog can stay at our place without a stress. I work at home in a living room where your dog can spend time with me. I take great care of your dog.,3.1,★☆☆☆☆
248,40778069da857bd77923710c7b899495,Michelle Kurtz,46,48.818802,2.394375,I am a professional dog trainer and from time to time I also do dog-sitting. I am very responsible person and will respond quickly to your messages.,3.2,★★★☆☆
249,b1d8e59a941bc253b9340dd107fbd26f,Jean Robinson,34,48.881386,2.265178,I had several dogs in my life and they all enriched my life. Now I don't own a dog but would love to help people foster dogs when having a difficult time. You can let your dogs stay in my place while you are working and I will look after very well.,4.0,★★★★★
250,c4c39b7939ee31586f41390a4eaa13d5,Tom Engler,21,48.824557,2.370826,I have one golden retriever(7 years old) that is very peaceful. With him your dog can stay at our place without a stress. I work at home in a living room where your dog can spend time with me. I take great care of your dog.,4.7,★★☆☆☆
251,3debf3a98184525c6caf90702438bd3c,Michael Peeler,29,48.828484,2.362201,I am a professional dog trainer and from time to time I also do dog-sitting. I am very responsible person and will respond quickly to your messages.,4.3,★☆☆☆☆
252,4c6a540767dced421669696bd35d8548,Scott Stratton,57,48.828617,2.250293,"All the pet owners who have asked me for pet-sitting were happy about how I took care of their dogs. I am delightful to spend time with dogs. Upon request, I also train your dog.",3.3,★★★★★
253,a0adcb1d78e291612a58efa1144d3663,Ann Goodman,69,48.892254,2.306086,"All the pet owners who have asked me for pet-sitting were happy about how I took care of their dogs. I am delightful to spend time with dogs. Upon request, I also train your dog.",3.2,★★★★☆
254,85f6f2ace8c7f986dc2df174e1fc3bf3,Corie Mcconkey,30,48.811338,2.343592,"All the pet owners who have asked me for pet-sitting were happy about how I took care of their dogs. I am delightful to spend time with dogs. Upon request, I also train your dog.",4.3,★★☆☆☆
255,1d69d6d25cfdc34780ff2a81a01a53fc,Noelle Vierra,53,48.875988,2.345214,Me and my daughter had a blacklabrador until two years ago. We are very familiar with how dogs behave and we would like to help people having dogs.,4.9,★★★★☆
256,352d2644a2e2bbb617ab8322d4f8b1e9,Katrina Crimi,55,48.849852,2.313036,I have one golden retriever(7 years old) that is very peaceful. With him your dog can stay at our place without a stress. I work at home in a living room where your dog can spend time with me. I take great care of your dog.,4.8,★★★★☆
257,ffbb5623c414c89b51d6e1b4f9b6e3b2,Mark Fernandez,39,48.825465,2.284184,Me and my daughter had a blacklabrador until two years ago. We are very familiar with how dogs behave and we would like to help people having dogs.,3.2,★☆☆☆☆
258,694f8a8de2088dec2fc0c346314b562a,Brandy Morales,50,48.883357,2.382775,Me and my daughter had a blacklabrador until two years ago. We are very familiar with how dogs behave and we would like to help people having dogs.,3.2,★★★☆☆
259,092bf25a9f131647560b345d9cfdacd7,Lesa Caskey,57,48.855507,2.317765,I have one golden retriever(7 years old) that is very peaceful. With him your dog can stay at our place without a stress. I work at home in a living room where your dog can spend time with me. I take great care of your dog.,3.2,★★☆☆☆
260,c485e99828d731ff3bea2970fa02fc40,Thomas Thompson,20,48.853533,2.282884,"Me and my hudsband love dogs! We take care of your dog with love, and we even made our home in a dog-friendly style!",3.9,★★★★☆
261,0933fc70deebc0ce38ce5f46838a5961,Ronald Thomas,29,48.860742,2.401268,I am a professional dog trainer and from time to time I also do dog-sitting. I am very responsible person and will respond quickly to your messages.,3.9,★☆☆☆☆
262,40488bebd0761fa8ead27a4f7478ab86,Sean Gant,56,48.840144,2.358209,Me and my daughter had a blacklabrador until two years ago. We are very familiar with how dogs behave and we would like to help people having dogs.,3.7,★★★★★
263,752531e47514558d77393d31e7ac8790,Shanna Little,67,48.858782,2.254553,I have one golden retriever(7 years old) that is very peaceful. With him your dog can stay at our place without a stress. I work at home in a living room where your dog can spend time with me. I take great care of your dog.,4.7,★★☆☆☆
264,6fc84153eb7a3104a36e6ad1acd356b7,Julie Malone,21,48.853817,2.288711,"Me and my hudsband love dogs! We take care of your dog with love, and we even made our home in a dog-friendly style!",4.8,★★★☆☆
265,ddbc3e64bc5bd2d473f8829df3a80cfb,Salome Huff,38,48.8108,2.34535,"Me and my hudsband love dogs! We take care of your dog with love, and we even made our home in a dog-friendly style!",4.0,★★☆☆☆
266,f8233f2ec14ba5a5ed2b9348297babe4,Louise Hawkins,27,48.855811,2.386114,"Me and my hudsband love dogs! We take care of your dog with love, and we even made our home in a dog-friendly style!",4.5,★★☆☆☆
267,04803c22692e8ae177683317be720518,Vincent Colangelo,70,48.81913,2.282679,"All the pet owners who have asked me for pet-sitting were happy about how I took care of their dogs. I am delightful to spend time with dogs. Upon request, I also train your dog.",3.8,★★★☆☆
268,dc25a2938f24fe2f708625eb3766e67f,Earline Troutner,70,48.828649,2.295237,I had several dogs in my life and they all enriched my life. Now I don't own a dog but would love to help people foster dogs when having a difficult time. You can let your dogs stay in my place while you are working and I will look after very well.,4.4,★★★☆☆
269,c335e8c13ca4fb06014685fac3f5b745,John Lopez,50,48.818845,2.383557,I am a professional dog trainer and from time to time I also do dog-sitting. I am very responsible person and will respond quickly to your messages.,4.1,★★☆☆☆
270,f3adc08fae4bfa3b6399c91aca7e76af,Polly Canada,23,48.868176,2.354567,"All the pet owners who have asked me for pet-sitting were happy about how I took care of their dogs. I am delightful to spend time with dogs. Upon request, I also train your dog.",3.6,★★★☆☆
271,7178b674c56f518884d2bc9b166f8810,James Engle,27,48.819695,2.299299,I had several dogs in my life and they all enriched my life. Now I don't own a dog but would love to help people foster dogs when having a difficult time. You can let your dogs stay in my place while you are working and I will look after very well.,4.0,★☆☆☆☆
272,ee7974f5db7fff118e1d6865a781d242,Peter Fitzgerald,21,48.825598,2.365948,"All the pet owners who have asked me for pet-sitting were happy about how I took care of their dogs. I am delightful to spend time with dogs. Upon request, I also train your dog.",3.3,★☆☆☆☆
273,6944670ea620275804c6f385a358f28a,Eric Woody,21,48.89525,2.336808,I am a professional dog trainer and from time to time I also do dog-sitting. I am very responsible person and will respond quickly to your messages.,4.7,★★★★☆
274,d8a6e67159ff89942672732429246d73,Edward Scott,54,48.864407,2.266109,"Me and my hudsband love dogs! We take care of your dog with love, and we even made our home in a dog-friendly style!",4.6,★★★★☆
275,143ddea408ed64bfc20076e9923b9dab,Thomas Amburgey,56,48.816403,2.323324,Me and my daughter had a blacklabrador until two years ago. We are very familiar with how dogs behave and we would like to help people having dogs.,3.6,★★★★☆
276,53b140cd3ed4e11203b1d6b0ac7a8e4f,Judy Clark,44,48.852376,2.296331,"All the pet owners who have asked me for pet-sitting were happy about how I took care of their dogs. I am delightful to spend time with dogs. Upon request, I also train your dog.",4.3,★★★★☆
277,158be48ac3be245c1e18766edc3c4114,Odis Garcia,45,48.851058,2.337964,"Me and my hudsband love dogs! We take care of your dog with love, and we even made our home in a dog-friendly style!",4.1,★★★★★
278,0e849afe4c66772c29f776b90a06e04c,Ernest Rodriguez,38,48.891672,2.331083,"Me and my hudsband love dogs! We take care of your dog with love, and we even made our home in a dog-friendly style!",3.5,★★★★★
279,6585069bd32cad408324a953e85f3441,Ida Kendall,21,48.824768,2.38916,"Me and my hudsband love dogs! We take care of your dog with love, and we even made our home in a dog-friendly style!",4.8,★★★☆☆
280,893148b4e71981cdba35e26e353b23cd,Allen Bayless,20,48.836711,2.387102,I have one golden retriever(7 years old) that is very peaceful. With him your dog can stay at our place without a stress. I work at home in a living room where your dog can spend time with me. I take great care of your dog.,3.0,★★☆☆☆
281,ad35aac6ec95e3c1c2151c5873746a55,Jeremy Hickman,66,48.866711,2.36544,I am a professional dog trainer and from time to time I also do dog-sitting. I am very responsible person and will respond quickly to your messages.,4.3,★★★★☆
282,028ec5add414a56aeb111158a1e4ddaa,Annette Shoulta,65,48.847866,2.341946,I have one golden retriever(7 years old) that is very peaceful. With him your dog can stay at our place without a stress. I work at home in a living room where your dog can spend time with me. I take great care of your dog.,3.2,★★★☆☆
283,5fca95d58aa9125d6405c18b696507cd,John Berglund,25,48.844745,2.273351,I have one golden retriever(7 years old) that is very peaceful. With him your dog can stay at our place without a stress. I work at home in a living room where your dog can spend time with me. I take great care of your dog.,3.1,★★★★★
284,6246ddfeaf25ac3b5f4aadeede001e44,Douglas Tompkins,41,48.864917,2.405628,I am a professional dog trainer and from time to time I also do dog-sitting. I am very responsible person and will respond quickly to your messages.,4.4,★★★☆☆
285,1f7f4f46bd5b1285740c33c99be7e193,Larry Fuentes,51,48.879872,2.309593,I had several dogs in my life and they all enriched my life. Now I don't own a dog but would love to help people foster dogs when having a difficult time. You can let your dogs stay in my place while you are working and I will look after very well.,4.2,★★★★☆
286,b9a1a80a62121d64101284a9eba6f142,Corey Crews,35,48.820877,2.402457,I have one golden retriever(7 years old) that is very peaceful. With him your dog can stay at our place without a stress. I work at home in a living room where your dog can spend time with me. I take great care of your dog.,4.0,★★★★☆
287,60896ddc6be99c1033aac6a1d119d1d1,Robert Jasper,66,48.880862,2.342047,I have one golden retriever(7 years old) that is very peaceful. With him your dog can stay at our place without a stress. I work at home in a living room where your dog can spend time with me. I take great care of your dog.,3.0,★☆☆☆☆
288,e61d16d1613d063ef5f2b77d331f5f81,Lisa Mata,57,48.810886,2.350632,"Me and my hudsband love dogs! We take care of your dog with love, and we even made our home in a dog-friendly style!",4.6,★★★☆☆
289,4847f77b30de072e34f79383d1873adc,Jay Simmons,33,48.849415,2.35733,"All the pet owners who have asked me for pet-sitting were happy about how I took care of their dogs. I am delightful to spend time with dogs. Upon request, I also train your dog.",3.7,★★★☆☆
290,e3ba664e0df885a3967f69ad32d58808,Laura Benedetto,59,48.824497,2.294183,"All the pet owners who have asked me for pet-sitting were happy about how I took care of their dogs. I am delightful to spend time with dogs. Upon request, I also train your dog.",4.8,★★★★☆
291,78b14dbaa8c58d80ee856201ea7ca27e,Sandra Edwards,48,48.881834,2.373881,"All the pet owners who have asked me for pet-sitting were happy about how I took care of their dogs. I am delightful to spend time with dogs. Upon request, I also train your dog.",3.7,★★★★☆
292,0be07ae7e9277890fba02321b583cce9,Francis Janes,41,48.81402,2.316939,Me and my daughter had a blacklabrador until two years ago. We are very familiar with how dogs behave and we would like to help people having dogs.,3.2,★★★☆☆
293,bee7afe0ea7ef09484bdd5c1072d7af5,Lynn Thurber,22,48.816588,2.402897,"All the pet owners who have asked me for pet-sitting were happy about how I took care of their dogs. I am delightful to spend time with dogs. Upon request, I also train your dog.",3.4,★★☆☆☆
294,dd76ee1786f59ea978f9f8540a5fe5ed,Patricia Cazares,48,48.889106,2.293138,I am a professional dog trainer and from time to time I also do dog-sitting. I am very responsible person and will respond quickly to your messages.,4.7,★★★★★
295,37ffdf863708f8196f8c57ae0bbdc6ac,Maria Pearl,20,48.887725,2.337726,Me and my daughter had a blacklabrador until two years ago. We are very familiar with how dogs behave and we would like to help people having dogs.,4.8,★★★☆☆
296,4c5b57fe5fde79f0f30df189d209f08c,Maurice Todd,35,48.883931,2.255136,I am a professional dog trainer and from time to time I also do dog-sitting. I am very responsible person and will respond quickly to your messages.,4.2,★☆☆☆☆
297,7af98f9771d80124d6ee3ada87da9432,Matilda Clark,45,48.834746,2.328208,"Me and my hudsband love dogs! We take care of your dog with love, and we even made our home in a dog-friendly style!",4.0,★★★★★
298,c1f2e76c0888c7a4bed3dd9cad486efc,Bryce Murdock,59,48.839949,2.301355,"Me and my hudsband love dogs! We take care of your dog with love, and we even made our home in a dog-friendly style!",4.6,★☆☆☆☆
299,20cd93e60c357775afedc457192451c8,Karen Rice,47,48.896095,2.349137,"Me and my hudsband love dogs! We take care of your dog with love, and we even made our home in a dog-friendly style!",3.7,★☆☆☆☆
